<?xml version="1.0" encoding="utf-8"?>
<openerp>
    <data>
    
		<record model="ir.cron" id="send_mail_for_admin_cron">
            <field name="name">Send Mail For Admin</field>
            <field name="interval_number">1</field>
            <field name="interval_type">days</field>
            <field name="numbercall">-1</field>
            <field name="doall" eval="True"/>
            <field name="model" eval="'res.partner'"/>
            <field name="function" eval="'send_mail_for_admin'"/>
            <field name="args" eval="'()'" />
        </record>
	    
    </data>
</openerp>